{"cameraMode":{"drawMode":0,"name":"Shaded","section":"Shading Mode"},"sceneLighting":true,"audioPlay":false,"sceneViewState":{"m_AlwaysRefresh":false,"showFog":true,"showSkybox":true,"showFlares":true,"showImageEffects":true,"showParticleSystems":true,"showVisualEffectGraphs":true,"m_FxEnabled":false},"in2DMode":false,"pivot":{"x":-83.18860626220703,"y":-152.86541748046876,"z":246.28968811035157},"rotation":{"x":0.2881091833114624,"y":-0.14578542113304139,"z":0.044430166482925418,"w":0.9453888535499573},"size":169.1029815673828,"orthographic":false}