{"cameraMode":{"drawMode":0,"name":"Shaded","section":"Shading Mode"},"sceneLighting":true,"audioPlay":false,"sceneViewState":{"m_AlwaysRefresh":false,"showFog":true,"showSkybox":true,"showFlares":true,"showImageEffects":true,"showParticleSystems":true,"showVisualEffectGraphs":true,"m_FxEnabled":false},"in2DMode":false,"pivot":{"x":30.650596618652345,"y":14.818652153015137,"z":18.524221420288087},"rotation":{"x":0.20942001044750215,"y":-0.6881822943687439,"z":0.21885442733764649,"w":0.6592998504638672},"size":3.83478045463562,"orthographic":false}