{"cameraMode":{"drawMode":0,"name":"Shaded","section":"Shading Mode"},"sceneLighting":false,"audioPlay":false,"sceneViewState":{"m_AlwaysRefresh":false,"showFog":true,"showSkybox":false,"showFlares":true,"showImageEffects":true,"showParticleSystems":true,"showVisualEffectGraphs":true,"m_FxEnabled":false},"in2DMode":false,"pivot":{"x":0.9807796478271484,"y":1.9313483238220215,"z":25.580795288085939},"rotation":{"x":0.2917925715446472,"y":0.1512593775987625,"z":-0.046790022403001788,"w":0.9432862997055054},"size":4.091287612915039,"orthographic":false}