{"cameraMode":{"drawMode":0,"name":"Shaded","section":"Shading Mode"},"sceneLighting":false,"audioPlay":false,"sceneViewState":{"m_AlwaysRefresh":false,"showFog":true,"showSkybox":false,"showFlares":true,"showImageEffects":true,"showParticleSystems":true,"showVisualEffectGraphs":true,"m_FxEnabled":false},"in2DMode":false,"pivot":{"x":3.1195173263549806,"y":2.7475194931030275,"z":23.70602798461914},"rotation":{"x":0.09077342599630356,"y":1.6512561273884786e-7,"z":2.1402168215445273e-7,"w":0.9958722591400147},"size":3.5999996662139894,"orthographic":false}